Nome;Jogos;Passes certos;Passes errados;Finalizações certas;Finalizações erradas;Gols;Assistências gols;Assistência finalização;Desarmes certos;Desarmes errados;Faltas cometidas;Faltas recebidas;Perda posse de bola;Virou profissional
Shurwood Gonzalvo;23;109;39;8;13;3;0;4;5;2;18;6;23;0
Christopher Denge;24;874;126;1;12;0;3;29;33;5;27;5;45;0
Zachariah Wringe;31;521;106;33;51;13;3;56;23;4;28;89;166;1
Nero Deetlefs;29;1021;140;8;17;2;4;27;72;17;51;33;68;1
Barnett Lampart;16;263;31;5;5;3;1;3;10;4;8;11;24;0
Gardie Geerdts;7;15;3;0;1;0;0;0;4;0;6;1;13;0
Elmo Robbert;15;456;27;2;5;1;0;1;6;3;15;11;7;0
Fulton Brandom;15;23;3;1;1;0;0;0;0;1;1;2;0;0
Pen Hassekl;5;66;3;0;0;0;0;2;0;0;0;3;2;1
Morgen Luparti;21;273;54;2;4;0;0;9;15;4;14;25;26;0
Rutter Bartoszek;16;267;29;1;5;0;0;4;14;9;26;6;5;0
Bailie Irving;28;940;91;9;22;3;1;30;39;8;32;53;67;1
Jan Amor;24;110;25;10;7;4;2;5;8;1;19;19;41;0
Jecho Thickpenny;1;1;2;0;0;0;0;2;1;0;0;1;0;0
Jamie Mitcham;1;0;0;0;0;0;0;0;0;0;0;0;0;0
Hercules Radki;6;365;20;0;1;0;0;2;6;3;6;13;5;0
Ragnar Cunradi;29;700;89;18;34;3;1;31;14;5;25;46;65;0
Alaster Tutchener;32;1658;89;11;15;0;0;13;53;6;57;35;33;1
Huey Vanyarkin;6;83;22;1;1;0;0;3;5;2;8;4;5;0
Omero Bow;11;227;13;0;1;0;0;0;7;2;8;1;2;0
Ricoriki Willerson;22;352;31;3;6;0;0;2;25;2;16;13;7;0
Marco Pogg;24;778;105;4;15;1;2;23;54;10;42;14;52;0
Dal Tomenson;20;273;71;6;22;2;0;10;6;2;24;26;68;0
Skipton Dowbekin;4;56;7;1;0;0;0;1;2;1;1;0;2;0
Carson Barock;30;341;76;9;27;1;2;25;19;4;42;74;91;0
Julian Pottie;1;13;1;1;0;0;0;0;2;0;2;1;4;1
Morry Ardern;26;1067;58;5;11;1;1;7;57;9;37;41;43;1
Garvey Swaton;18;614;83;13;14;5;1;24;21;3;23;18;56;1
Keefer Aldie;19;111;25;3;5;0;0;3;7;1;9;10;72;0
Aldin Horstead;14;70;27;5;10;0;1;1;5;0;10;11;26;0
Konstantine Cuncarr;24;328;101;11;19;4;1;16;9;2;26;42;80;0
Massimo Greenhalf;11;142;17;1;1;0;0;2;8;0;10;5;23;0
Nickolaus Crotch;17;722;42;3;7;1;0;2;29;4;25;17;7;1
Colman Kovacs;28;588;54;3;4;0;3;14;36;5;20;15;42;0
Judd Stubbin;14;492;65;14;15;1;6;20;20;2;11;30;54;1
Ray Barukh;12;179;28;7;11;1;1;9;8;0;9;24;32;0
Cece Craighill;10;264;34;1;5;1;1;3;9;2;11;10;23;0
Lucias Delgardillo;1;2;1;0;0;0;0;0;1;0;0;0;2;0
Augustin Blackmore;30;728;109;32;44;12;8;58;15;5;17;56;111;1
Carleton Venning;24;429;55;1;5;0;0;11;30;7;18;24;35;0
Gallagher Duguid;31;732;79;11;13;4;0;11;52;11;23;15;26;1
Kerr Sparshutt;24;310;80;9;13;2;1;12;15;2;22;47;42;0
Hillel Mowett;9;166;1;0;0;0;0;0;0;0;0;1;0;0
Alfredo Redrup;2;8;2;0;0;0;0;1;1;0;0;1;1;0
Boycie Itzik;4;65;13;1;1;0;0;1;5;1;5;4;2;0
Koenraad Squires;16;247;28;3;13;0;0;3;16;0;14;8;20;0
Augusto Maddin;14;127;2;0;0;0;0;0;0;0;0;1;1;0
Ambrosio McGriele;22;212;19;13;7;7;1;5;8;0;20;13;21;1
Devy Bourdel;20;111;24;6;4;1;0;2;5;1;11;8;30;0
Kennie Yousef;16;74;7;3;6;1;0;3;8;1;5;14;18;0
Nowell Honnan;5;21;5;1;0;0;0;1;0;1;0;2;4;0
Fabiano McGowing;23;834;38;3;1;0;0;4;21;4;24;29;8;0
Jackie Ancliffe;20;602;74;1;2;0;0;10;26;5;24;16;27;0
Tailor Cardew;24;440;101;33;24;11;5;23;30;4;42;58;124;1
Tris Fronsek;2;6;3;0;0;0;0;0;0;0;4;0;0;0
Siegfried Barbara;21;414;61;8;5;1;0;9;5;4;17;6;17;0
Gerry Grundell;25;778;40;0;5;0;0;0;35;5;20;11;9;1
Mic Mainland;11;149;19;1;5;0;0;11;8;1;12;10;22;0
Ric Morgan;34;984;139;2;5;0;1;20;43;5;50;48;65;1
Montgomery Kerman;1;0;1;0;0;0;0;0;0;0;0;1;1;0
Vincenty Gullen;22;92;30;13;16;0;1;11;16;3;18;18;74;0
Tobiah Rannigan;2;7;1;2;1;0;0;0;2;0;1;1;3;0
Davidde Habbema;18;505;22;2;2;0;0;0;15;4;12;2;4;0
Benedetto Beine;12;297;37;0;3;0;0;10;14;2;10;15;16;0
Ennis Dancer;30;983;141;14;14;1;2;16;44;8;24;21;45;0
Elwyn Lockhart;20;156;31;7;14;1;0;5;9;2;15;39;53;0
Ringo Linnitt;27;469;100;9;25;2;1;16;34;8;31;31;120;0
Trev Cookman;14;133;6;0;4;0;3;7;11;2;9;7;6;1
Edmon Stovin;14;491;56;1;4;0;0;11;33;2;20;29;22;0
Budd Bagster;32;1512;78;2;10;0;1;23;52;16;36;9;32;0
Bobby Swindall;32;29;8;0;0;0;0;0;4;2;4;0;4;0
Ezekiel McGuirk;31;523;67;4;11;0;0;11;48;11;40;23;59;0
Gabriello Crumly;21;893;54;2;5;2;1;13;31;7;18;38;24;1
Dermot Gillooly;34;276;44;5;16;0;2;14;23;8;33;53;87;0
Ruby Hawick;3;55;3;3;0;0;0;2;0;0;3;2;2;0
Bill Melbourn;8;27;2;4;0;1;0;1;2;0;5;5;10;0
Stinky Walch;22;136;46;3;10;1;0;13;10;3;22;29;73;0
Sly Longstaff;1;17;0;0;0;0;0;0;0;0;0;0;0;0
Kerr Pikesley;20;293;27;7;15;0;3;21;6;1;10;27;44;0
Willy Shenfish;28;565;101;11;18;5;0;20;11;3;15;38;38;0
Granville Marc;37;570;4;0;0;0;0;0;1;1;1;2;0;1
Traver Giacomasso;1;4;1;0;0;0;0;0;0;0;0;0;0;0
Ambrosi Harral;22;422;57;9;6;1;2;28;10;1;9;10;20;0
Guss Pays;2;45;0;0;0;0;0;0;2;0;0;2;0;0
Winnie Tumayan;6;54;10;0;0;0;0;0;4;1;4;5;2;0
Arni Dello;18;401;60;10;9;1;2;21;21;4;21;47;41;0
Chancey Dahlgren;32;363;46;2;7;1;0;2;19;1;18;3;7;0
Claudio Corsan;7;28;7;6;5;1;0;0;1;1;5;3;14;0
Ogdon Lyons;7;2;1;1;0;0;0;2;0;0;2;1;1;0
Pierson Watting;32;740;88;9;18;2;0;22;29;10;62;40;63;0
Adriano Diable;6;31;7;0;2;0;0;3;1;0;6;1;9;0
Avram Beere;5;189;33;3;12;0;1;19;6;1;4;8;25;0
Saunders Kerkham;31;679;123;20;32;2;4;39;18;5;35;77;165;1
Hymie Oswal;28;272;69;20;22;3;0;12;28;6;58;15;62;0
Germayne Trevance;5;25;2;0;1;0;0;0;1;0;0;1;0;0
Mayer Orsi;34;645;17;0;0;0;0;0;0;1;0;10;3;1
Galven Cauthra;3;64;6;3;3;0;0;1;4;0;10;4;15;0
Gibby Rounsefell;9;36;13;0;0;0;0;2;4;1;4;3;7;0
Dev Fowley;1;0;0;0;0;0;0;0;0;0;1;0;0;0
Nester Bruinemann;31;1228;118;5;16;1;2;24;28;11;28;34;46;1
Ced O'Hdirscoll;23;247;3;0;0;0;0;0;0;0;0;1;1;1
Lonnie Blade;1;9;2;0;0;0;0;0;0;0;0;4;1;0
Fin Bleeze;6;294;38;0;1;0;0;9;9;1;12;5;12;0
Abbott Ashmore;1;0;1;1;0;0;0;0;0;0;0;2;1;0
Eduardo Lambswood;4;81;6;0;0;0;1;3;4;1;6;1;5;0
Goddard Josskowitz;22;664;55;6;8;2;1;17;26;7;25;12;31;1
Torr Ibert;15;142;16;0;2;0;2;6;10;1;3;14;22;0
Edgard Moger;15;405;57;4;2;0;4;15;25;6;17;8;18;0
Callean Drane;22;664;60;0;1;0;0;6;17;4;10;4;14;0
Konstantin Philler;16;232;4;0;0;0;0;0;0;0;0;0;0;0
Gustavo Essberger;16;0;0;0;0;0;0;1;0;0;0;2;0;0
Chas Janczak;14;135;27;2;9;0;0;5;11;1;6;21;48;0
Marion Pocknell;11;276;26;2;6;0;2;4;7;1;6;2;18;0
Kirby Beckford;32;380;101;15;29;5;3;36;28;1;38;33;97;0
Gabby Maudson;18;733;30;5;5;2;0;2;7;3;8;9;3;0
Fritz Cardiff;7;228;13;0;3;0;0;4;3;2;9;6;4;0
Carce Forre;29;394;72;25;48;6;7;36;14;1;22;39;74;1
Sonnie Caselick;23;745;49;6;4;3;1;13;35;4;28;18;15;0
Sidney Syphus;18;390;49;2;4;0;1;17;13;2;15;19;35;0
Skell Berrygun;15;362;34;4;2;1;0;6;12;2;15;9;7;0
Sayre Lockless;26;152;100;16;11;4;3;8;11;1;21;37;46;1
Saxon Durante;13;145;2;0;0;0;0;0;4;0;1;2;1;0
Alister Plumer;19;858;61;5;10;0;1;18;33;6;41;41;43;1
Horton Vasyuchov;12;318;17;2;1;0;0;0;16;2;14;3;3;1
Killy Grandisson;26;375;9;0;0;0;0;0;0;0;0;3;0;0
Gabe Thridgould;15;167;36;8;17;4;2;6;4;0;11;16;39;1
Broderic Courtois;9;207;47;1;2;0;0;0;7;0;11;14;9;0
Garwood Bransgrove;31;301;96;27;22;10;2;22;3;0;27;33;55;1
Myrvyn Bartles;12;218;36;7;6;1;0;8;10;2;7;7;29;0
Dewie Sillitoe;16;419;54;1;2;1;1;6;21;4;21;7;13;0
Tait Chennells;14;408;24;3;5;1;0;7;16;0;10;6;12;0
Daniel Goodred;1;11;2;0;0;0;0;0;1;0;1;2;1;0
Geordie Atcheson;26;649;94;15;27;3;2;44;11;2;47;22;107;0
Mace Ilyushkin;17;212;2;0;0;0;0;1;0;1;0;2;0;0
Ruttger Rackam;16;552;49;1;7;0;1;7;22;1;17;4;36;0
Janos Tatlowe;31;990;134;17;18;2;3;39;50;4;31;18;57;1
Eugenio Punch;21;451;79;0;5;0;1;19;5;5;11;41;51;1
Yvon Baly;15;146;25;3;10;2;1;1;15;2;6;12;19;1
Ruby Hostan;2;6;0;0;0;0;0;0;1;0;2;0;2;0
Herb Fasse;33;1092;112;26;22;11;7;58;19;4;29;47;81;0
Georas Chart;17;65;26;5;7;1;2;2;8;2;14;12;29;0
Sloane Bicksteth;34;1223;45;2;8;1;1;3;12;5;37;10;9;1
Walther Peery;34;854;86;18;45;1;4;14;79;11;42;89;101;0
Burke Undrill;20;523;64;1;6;0;0;7;22;5;26;12;8;0
Kale Corton;13;70;8;1;1;0;0;4;1;0;1;4;13;0
Berkie Fairy;13;157;21;1;3;0;0;3;10;0;12;13;7;0
Delbert Laurent;10;241;58;1;2;0;0;11;17;2;11;7;23;0
Emmy Szymaniak;35;1067;50;7;4;1;1;5;43;8;29;17;18;1
Ruprecht Sterrick;23;182;31;11;10;2;3;8;4;1;8;8;23;1
Enoch Salkild;16;302;44;13;14;4;2;11;7;4;10;10;37;1
Cart Rockwell;1;0;0;0;0;0;0;0;0;0;0;0;2;0
Otis Magrannell;15;663;97;3;2;0;2;14;23;7;19;10;25;0
Stewart Childerley;5;26;4;3;2;0;0;2;2;0;3;0;7;0
Robby Philliphs;1;0;0;0;0;0;0;0;0;0;0;0;0;0
Sayres Matyushonok;10;333;25;18;24;9;0;4;9;0;28;24;59;1
Michel Duplain;31;308;83;2;3;0;0;13;7;0;24;7;7;1
Aldwin Heasley;13;260;14;2;2;0;0;3;10;0;11;6;15;0
Vernen Driffe;30;447;93;22;41;4;5;33;18;7;42;18;100;0
Arte Clerke;10;388;30;0;4;0;0;7;24;8;6;1;7;0
Gal Fairbrass;31;609;43;5;12;2;1;26;33;3;38;24;58;0
Ibrahim Starford;25;576;56;9;11;0;1;10;53;8;29;10;42;1
Sully Tidbald;16;181;41;2;24;0;0;5;14;2;12;29;29;1
Tye Cummine;6;51;20;2;1;0;0;1;11;1;9;4;17;0
Zebedee Hinrichsen;17;306;37;4;11;0;2;11;19;7;25;30;29;0
Archibald Zuann;37;711;5;0;0;0;0;0;3;0;0;5;1;1
Lemuel Hugnet;4;24;1;0;1;0;0;0;1;1;2;0;1;0
Shellysheldon Reavey;20;419;60;4;11;0;1;25;18;4;13;28;79;0
Ingamar Fishbourne;22;750;110;9;11;3;3;33;31;4;25;49;77;1
Orville Rowthorn;18;570;78;2;8;0;1;9;22;5;13;6;33;0
Myles Longfoot;14;279;36;0;1;0;0;10;13;5;7;7;9;0
Spenser Southern;19;423;54;2;4;1;1;0;32;7;23;18;25;0
Sherman Carnoghan;3;40;10;1;1;0;0;3;2;0;5;0;4;0
Bartolemo Coatsworth;10;94;12;6;4;0;0;5;5;0;3;5;8;0
Jarib Tolotti;32;1941;156;4;6;3;3;15;25;7;28;45;26;1
Berne Boustead;33;1321;56;3;12;0;1;11;32;5;20;34;20;1
Trip McIlory;22;194;48;14;30;3;2;15;15;1;19;32;109;0
Tim Davisson;35;1887;172;7;10;0;1;39;81;16;40;44;40;1
Gerardo Braffington;32;875;78;15;22;7;2;25;64;17;58;25;85;1
Giff Pilmoor;28;918;75;5;12;0;0;21;31;10;33;28;30;0
Thain Bonnell;20;297;5;0;0;0;0;0;0;0;0;4;2;0
Mark Northen;3;2;0;0;0;0;0;0;0;0;2;1;3;0
Barclay Beltzner;37;539;110;24;34;5;2;27;42;3;46;38;105;1
Roth Fairlamb;5;16;3;1;1;0;0;0;0;0;0;2;2;1
Brandyn Dunton;33;1124;145;6;25;0;0;35;43;6;28;28;74;0
Randolph Castagneri;30;323;57;10;11;2;2;23;10;3;15;24;52;1
Bart Parlett;24;741;30;2;7;1;0;8;37;11;37;11;12;0
Galvin Walisiak;10;265;15;1;9;0;0;0;9;1;7;9;3;0
Innis Oury;10;125;16;3;2;0;0;2;4;0;3;5;6;0
Reade Gurys;1;3;1;0;0;0;0;0;0;0;0;0;0;0
Donn Heineking;1;7;4;0;0;0;0;0;1;0;1;1;1;0
Robinet Rasher;15;193;39;6;10;0;0;5;19;4;22;29;93;0
Richmond McCrisken;14;140;29;2;5;1;0;3;10;3;14;9;22;0
Ode Miller;4;122;11;0;2;0;0;0;12;2;6;2;6;0
Olly Willans;37;567;7;0;0;0;0;1;1;0;0;5;0;0
Augusto Ferretti;16;37;8;0;5;0;0;3;1;1;6;8;27;0
Yul Gurge;36;1201;157;8;22;0;1;28;112;23;62;56;76;1
Morley Mackleden;29;779;98;31;49;3;6;36;28;6;14;60;138;0
Cortie Parker;22;1443;67;2;3;0;2;22;54;9;23;13;32;1
Silvio Chansonne;3;10;0;2;0;0;0;0;0;0;3;0;2;0
Erek Pickersgill;8;59;8;2;3;0;0;2;3;0;2;3;7;0
Andonis Rumin;24;323;105;15;20;5;3;14;5;2;39;34;79;0
Alfy Eallis;31;1350;111;36;25;12;5;16;72;17;41;37;50;1
Ingmar Cree;18;385;68;6;9;2;1;8;7;1;8;14;44;1
Mort Chadbourn;5;204;6;1;0;1;0;0;1;1;3;0;3;1
Laurence Santer;5;86;0;0;0;0;0;0;0;0;0;0;0;0
Hewet Gelland;24;179;8;0;0;0;0;0;1;1;0;2;1;0
Reider Windrum;16;371;48;3;5;0;0;5;28;5;17;16;16;0
Erroll Houlahan;23;471;34;5;2;4;1;1;9;3;14;2;3;0
Ruggiero Mounsey;18;471;51;6;10;2;1;14;27;3;19;26;29;0
Banky Cutill;12;292;27;1;4;1;0;2;23;4;21;12;7;0
Hartwell Rosendale;12;259;28;0;0;0;0;6;13;3;6;2;7;0
Chester Ivanitsa;1;41;0;0;0;0;0;0;1;0;0;0;0;0
Russell Perfili;16;130;19;2;8;1;3;4;2;2;18;10;37;0
Bret Gooderson;21;448;42;11;11;2;1;14;13;5;17;39;84;0
Benny Cobello;32;590;86;15;27;3;3;15;14;3;25;32;139;0
Gib Pieter;5;30;10;1;2;0;0;5;1;0;3;2;13;0
Elsworth Betun;29;725;108;19;33;4;1;23;39;7;24;27;94;0
Lisle Christoforou;3;28;3;1;4;1;0;2;1;1;3;6;20;0
Lennie Edge;15;241;31;4;12;1;0;11;15;2;14;24;40;0
Mikey O'Brogane;14;121;20;4;0;1;1;8;13;2;13;7;36;0
Zacharia Willson;12;225;32;4;3;0;0;2;12;2;12;21;18;0
Adolphus Duetschens;10;292;34;4;3;0;0;3;5;3;3;11;9;0
Cleon Halwill;3;80;13;5;4;1;0;3;4;1;4;2;18;0
Holmes Heaford;10;56;14;0;0;0;0;3;1;0;0;5;4;0
Berkly Monkleigh;28;977;51;2;5;0;0;3;23;4;18;10;11;0
Moise Dyott;4;201;6;3;1;0;0;5;12;1;8;15;12;0
Delbert Abbys;27;187;33;5;10;3;1;7;10;1;20;24;45;0
Kingsly Burnand;37;1680;36;10;12;0;1;5;18;9;20;5;10;1
Herc Prattin;36;380;100;31;46;15;2;21;13;1;47;42;85;1
Ezechiel Etridge;3;29;8;3;3;1;0;2;1;0;3;4;13;0
Marcelo Mynett;21;989;66;10;10;3;3;18;17;8;11;19;55;0
Herbie Hargate;19;524;51;3;9;0;1;21;29;5;22;32;43;0
Darnall Cussons;3;1;3;0;1;0;0;0;0;1;3;1;3;0
Dud Palatini;4;54;8;0;0;0;0;0;2;1;5;1;1;0
Edgardo Arnout;25;798;113;0;5;0;0;22;48;7;25;25;28;1
Boone Hull;4;50;9;0;0;0;0;1;3;0;2;4;3;0
Bradley Goggey;26;1209;90;16;21;1;5;31;36;1;40;41;61;1
Robinet Seligson;1;0;0;0;0;0;0;0;0;0;0;0;0;0
Mead Vittet;21;155;29;11;14;3;0;14;4;0;20;3;35;0
Rudd Timperley;33;843;121;19;39;4;4;36;34;9;32;63;82;0
Salomon Redwin;4;92;4;1;1;1;0;4;5;1;2;1;4;0
Tomkin Brimble;7;74;15;3;4;0;1;5;4;2;6;5;16;0
Leonidas Owttrim;2;40;8;0;0;0;1;0;1;0;0;2;3;0
Hewet Maffia;5;50;9;0;2;0;0;0;1;1;2;2;6;0
Jess Musla;27;444;77;15;27;2;3;28;29;4;32;45;91;0
Rance Barbrook;5;31;6;0;1;0;0;4;2;1;4;1;7;0
Teodoor Kidde;3;56;16;0;1;0;0;2;5;1;4;2;7;0
Gustavo Gerber;20;936;42;3;9;1;0;3;28;3;24;15;7;0
Frants Reaveley;21;812;21;8;9;2;0;6;13;1;22;7;7;0
Sebastiano Crossgrove;6;108;8;0;1;0;0;0;1;0;1;4;3;0
Remington Kingwell;8;45;5;3;4;1;0;0;4;1;2;3;5;0
Abbey Gagg;3;8;0;0;0;0;0;0;0;0;1;1;2;0
Aloysius Melby;37;462;64;10;17;2;3;23;14;3;26;44;152;1
Esme Atkins;2;3;0;0;0;0;0;0;0;0;1;1;3;0
Percy Fahey;31;599;92;31;47;4;12;51;19;2;20;39;74;1
Fraze Crankshaw;24;584;106;3;4;0;1;16;21;0;34;65;61;0
Lloyd Waghorne;24;532;57;6;6;0;2;8;32;10;21;15;33;0
Darryl Truelock;33;609;111;23;27;5;4;37;25;3;35;46;108;1
Florian O' Kelleher;2;2;2;0;0;0;0;0;0;0;2;1;2;0
Ignacio Mealand;10;100;20;4;9;0;0;5;5;1;10;7;29;0
Osmond Lampitt;17;386;43;12;19;0;0;0;15;4;19;30;53;0
Cosme Oloman;17;0;0;0;0;0;0;22;0;0;0;0;0;0
Thoma Cestard;5;53;5;0;1;0;0;1;3;2;8;1;2;0
Griswold Richichi;22;161;43;17;14;6;1;16;2;0;14;11;25;1
Wilburt Grimshaw;8;133;1;0;0;0;0;0;0;0;0;0;0;0
Durant Gierck;35;629;135;51;57;19;6;52;16;1;54;82;255;1
Layton Szubert;18;188;20;5;11;1;2;9;18;0;14;14;30;0
Web Readmire;4;107;2;0;0;0;0;0;1;1;4;1;0;0
Frannie Moverley;24;590;46;3;7;2;1;0;42;3;22;31;18;0
Alford Fairhurst;26;914;124;12;19;5;5;45;25;5;14;40;89;1
Woodrow McIlroy;27;806;133;3;12;1;1;14;42;9;26;22;43;0
Riley Kiggel;15;346;71;1;7;0;0;16;16;5;23;5;29;0
Alec Barkshire;31;759;96;10;19;2;0;26;26;5;44;34;72;0
Ganny Cressor;12;304;20;2;1;0;0;2;8;2;10;8;2;0
Jamaal O'Fairy;16;50;18;9;7;3;0;5;4;1;4;7;18;0
Nat Petrello;22;833;88;4;5;0;0;15;37;6;35;26;57;0
Birk Longfield;3;17;2;0;1;0;0;1;1;0;1;0;2;0
Pat Aspital;1;0;0;0;0;0;0;0;0;0;1;0;0;0
Wyndham Cleugher;5;86;4;1;2;0;0;1;3;0;0;2;3;0
Hashim Brantzen;7;162;8;0;3;0;0;1;9;3;2;4;2;0
Ansel Connock;13;109;11;3;6;0;0;6;4;0;5;6;18;0
Lyle Denkin;8;63;8;1;1;0;0;4;3;0;2;10;16;0
Franciskus Pengelley;26;580;66;7;12;1;1;10;50;13;44;16;38;0
Patsy Leban;9;126;17;2;3;2;0;5;0;1;1;2;10;0
Cody Blizard;25;696;62;1;10;0;0;12;36;10;34;42;46;0
James Townend;23;120;67;7;14;2;3;12;3;0;14;5;28;0
Bucky Champagne;14;190;3;0;0;0;0;1;1;0;0;5;0;0
Andrey Lendrem;1;31;2;0;1;0;0;0;1;1;2;0;1;0
Graig Wadesworth;28;736;58;4;6;2;1;15;52;9;41;32;25;1
Kim Cattonnet;17;308;51;11;27;2;0;18;12;1;21;16;51;0
Tait Hugonnet;13;56;15;4;7;1;1;7;2;0;10;5;20;0
Elijah Priddle;34;476;82;15;34;3;1;38;27;3;29;80;148;1
Ashley Puckett;1;15;1;0;0;0;0;0;0;0;0;0;0;0
Tristan Doy;23;1045;86;11;22;2;2;26;35;12;23;42;42;1
Tim Asgodby;24;673;72;7;16;0;0;32;8;1;5;16;34;0
Clayson Kubiak;5;44;8;0;1;0;0;2;2;1;0;1;2;0
Jeramey Castelain;30;293;115;14;21;4;1;18;15;3;25;8;72;0
Osbourne Durnford;19;368;19;5;8;1;0;17;29;6;16;15;45;0
Gregorius Sherreard;14;229;35;8;11;2;0;15;17;1;26;7;34;1
Eadmund Giff;1;4;3;0;0;0;0;1;0;0;1;0;3;0
Reagan Virgoe;32;540;119;21;16;7;4;21;8;1;28;41;75;1
Bernardo Callway;4;59;1;0;0;0;0;0;0;0;0;1;0;0
Gregor Tabrett;34;1097;196;6;12;0;2;30;90;13;55;54;85;1
Skippie Wybron;2;8;0;0;0;0;0;0;0;0;1;3;5;0
Sinclair Passler;33;708;18;13;33;4;1;15;21;5;25;53;102;1
Amble Isted;26;661;104;3;7;1;1;39;11;4;9;8;20;1
Darb Parslow;17;302;55;0;0;0;0;0;4;0;2;0;1;1
Scotty MacCourt;2;128;1;0;1;0;0;0;3;0;0;3;1;1
Syd Monger;20;205;7;0;0;0;0;1;1;0;0;4;0;1
Laird Cana;1;6;0;0;0;0;0;0;1;0;0;0;1;0
Sayer Pietrzyk;13;153;2;0;0;0;0;0;0;0;0;2;1;0
Finn Duggen;14;115;21;2;4;0;0;5;6;0;11;14;34;0
Dunstan Wilde;1;27;2;0;1;0;0;0;1;0;1;0;0;0
Tye Danilyak;36;1837;67;3;15;0;0;6;61;5;22;38;21;1
Milo Hancorn;1;3;1;0;1;0;0;0;2;0;0;0;2;1
Clemens Speedin;12;411;42;3;7;0;1;5;18;1;2;13;12;0
Constantin Zarfati;1;3;1;0;0;0;0;0;0;1;1;0;0;0
Calvin Innocent;13;79;26;9;11;2;0;5;7;1;10;15;54;0
Pascale Mattocks;4;104;2;0;0;0;0;0;0;0;0;2;0;0
Thoma Walsom;27;458;45;1;10;0;0;4;23;3;17;10;32;0
Giffie Muddle;13;224;7;2;0;0;0;1;8;2;8;3;0;0
Uriel Di Biasio;15;248;13;1;5;1;0;1;15;1;17;4;8;0
Brice Leydon;29;291;68;5;5;3;0;15;34;4;30;36;98;0
Marven Jaegar;16;133;43;11;13;5;0;13;5;1;21;19;53;0
Anton Blankley;17;385;31;0;0;0;1;1;24;9;13;5;9;0
Anderson Tigner;17;13;1;0;5;0;0;0;1;0;2;0;0;0
Allard Stenett;7;162;15;1;3;0;0;3;14;3;5;9;12;0
Sigismund Strotton;21;319;72;6;7;2;3;20;19;2;19;30;34;0
Eduino Fairfoul;3;36;3;0;0;0;0;0;0;0;0;0;0;0
Eduardo Delucia;31;940;106;15;32;2;1;27;65;10;49;29;63;1
Hastie Dillway;5;38;3;0;2;0;0;1;1;0;1;2;9;0
Brent Witham;4;23;5;1;0;0;0;2;1;0;3;4;5;0
Hervey Bugge;4;38;3;0;1;0;0;0;1;0;3;3;7;0
Sayre Albrighton;1;6;3;0;1;0;0;1;0;0;1;0;1;0
Culley Ballintime;4;92;2;0;0;0;0;0;0;0;0;1;0;0
Jammal Seedman;37;777;140;11;16;3;2;49;59;14;43;32;90;1
Giorgi Kettel;9;372;11;4;5;1;0;0;8;1;6;6;5;1
Clemens Chaplin;4;92;6;0;0;0;0;3;2;0;2;3;2;1
Cyril Weeden;26;761;105;7;15;0;4;44;45;7;49;45;59;0
Tabby Orchart;25;518;47;7;20;3;3;36;23;10;34;41;35;1
Fredrick Marrow;22;1211;53;8;7;1;0;13;25;6;20;3;11;1
Wolfy Benza;7;262;40;3;3;0;0;5;11;3;9;16;25;0
Etienne Millom;9;242;10;0;1;0;0;0;3;0;12;2;2;0
Sax Manthroppe;15;706;50;2;3;0;0;9;13;4;32;5;13;0
Rowen Bottrill;2;32;7;0;0;0;0;2;2;0;1;0;1;0
Jared Fingleton;18;119;40;6;9;3;1;8;20;3;14;19;41;0
Lew Cornillot;10;150;32;7;15;1;2;9;2;1;10;14;37;0
Seymour Leete;3;52;7;1;0;0;0;0;6;0;8;2;2;0
Kory Grenshiels;21;686;29;1;4;0;0;4;43;4;41;17;8;0
Tommy Kunzelmann;1;4;0;2;0;0;0;0;0;1;0;1;1;0
Chan Josiah;11;73;6;0;1;0;0;3;5;1;2;5;13;0
Otis Gaddesby;16;133;3;0;0;0;0;0;0;0;0;2;0;0
Derward Potebury;22;428;49;6;6;1;0;16;14;5;13;6;24;0
Laurens Isted;14;164;30;5;14;1;1;2;11;0;19;7;33;0
Ware Glazebrook;24;319;85;14;27;5;5;15;31;1;16;24;71;1
Gerik Tunnacliffe;2;9;3;1;2;1;0;0;1;0;0;0;4;0
Obadias Heeron;1;1;0;0;0;0;0;1;0;0;0;0;0;0
Pepito Figin;20;398;47;3;7;2;3;16;18;1;17;8;32;0
Aymer Cristofolini;4;175;8;0;2;0;0;1;6;0;3;1;2;0
Reagan Cutmore;1;1;0;0;0;0;0;0;0;0;0;0;1;0
Anthony Peltz;11;398;12;2;4;0;1;1;14;7;9;3;4;0
Rabi Allberry;7;145;11;0;1;0;0;1;9;2;3;0;3;0
Pinchas Frugier;7;60;7;1;1;0;0;3;5;1;3;1;6;1
Quintus Banghe;4;15;5;1;1;0;0;1;1;0;2;2;6;0
Cassie Ryding;5;22;3;2;1;1;0;0;1;0;2;1;3;0
Court Josling;32;1337;96;2;2;0;0;8;40;8;51;28;22;0
Humfrey Youngman;8;104;33;4;7;0;0;1;11;1;13;11;21;0
Rustin Hartle;4;30;6;1;3;0;1;2;0;0;1;3;9;0
Dominic Titherington;29;653;49;6;11;0;1;9;36;4;39;37;47;0
Raynor Imbrey;7;154;16;0;3;0;0;3;9;1;7;7;12;0
Cart Tytterton;3;9;3;0;0;0;0;2;1;0;0;1;3;0
Tulley Cluatt;24;998;38;1;7;0;2;10;24;3;19;12;6;1
Morton Canet;1;1;0;0;0;0;0;0;0;0;0;0;0;0
Wilek Banisch;19;1087;32;8;2;0;0;3;17;1;25;12;47;1
Consalve Nazareth;16;119;17;2;9;0;0;4;12;1;12;13;11;1
Ambrosius Keggins;5;70;29;1;1;0;0;0;4;1;5;0;6;0
Donaugh Henrie;4;76;3;1;2;0;0;0;1;0;4;1;2;0
Sherlocke Gilhooley;4;5;0;0;0;0;0;2;1;1;0;0;0;0
Maxwell Pendrick;33;669;105;21;36;3;5;32;52;8;33;68;97;1
Arlan Flaonier;24;436;71;5;10;0;1;9;20;3;21;17;44;1
Wade Cottel;29;1125;79;5;8;1;0;12;48;16;45;23;62;0
Franchot Mallock;26;1111;55;5;9;1;0;8;34;10;24;16;30;1
Dick Anderer;17;618;33;1;8;0;0;8;16;5;22;5;14;1
Kain Ashworth;18;274;57;1;5;0;0;11;3;1;11;19;6;1
Granville Pamplin;18;475;119;8;18;3;0;4;25;8;37;9;25;0
Giovanni Padula;2;80;6;0;0;0;0;0;0;0;0;0;1;0
Wash Holborn;7;393;22;2;3;0;0;1;9;4;9;12;11;0
Alyosha Richen;1;12;0;0;0;0;0;0;0;0;0;0;0;0
Ryon Ixer;1;0;0;0;0;0;0;0;0;0;0;0;0;0
Gabi Murrey;25;78;26;10;7;2;1;3;6;1;26;8;29;0
Tammie Earney;13;147;16;0;3;0;0;1;5;1;14;5;6;0
Scarface Emberson;32;667;79;15;18;1;2;29;29;8;29;63;135;0
Cob Jackson;26;833;84;14;26;1;7;37;31;2;18;39;28;0
Obadias Jessett;1;10;1;0;0;0;0;0;0;0;0;1;0;0
Jourdain Saby;14;405;45;2;9;2;2;11;23;3;24;37;33;0
Garvin Rist;8;367;20;1;3;0;0;0;8;1;8;2;4;0
Edmund Chalcroft;3;115;4;0;1;0;0;0;1;0;1;3;1;0
Gordan Ivamy;3;35;0;0;0;0;0;1;2;1;4;0;0;0
Eugene Rumin;8;131;15;0;0;0;0;4;3;1;1;2;8;0
Horten Peracco;20;594;83;3;13;1;4;8;33;8;21;6;16;0
Bob Dionisii;17;398;34;3;10;1;1;22;11;1;17;11;40;0
Nil Fallon;20;461;102;4;10;0;1;20;65;8;40;9;68;0
Wyatan Bartolomeo;0;0;0;0;0;0;0;0;0;0;0;0;0;0
Thorsten Nappin;7;405;24;1;1;0;1;2;10;2;10;5;9;0
Alvie McJerrow;10;149;47;0;0;0;1;1;14;2;9;9;18;0
Rip Playfair;2;18;4;1;1;0;0;3;8;1;4;4;10;0
Cyrus Dooland;7;192;9;0;1;0;0;0;12;1;16;3;1;0
Gabbie Denison;1;0;0;0;0;0;0;0;0;0;0;0;0;0
Jarib Peter;25;847;74;9;12;2;2;20;33;2;29;24;39;0
Drake Eassom;1;6;0;0;0;0;0;0;0;2;0;1;1;0
Emmett Baptiste;22;211;37;14;12;3;1;7;11;3;23;26;46;0
Justin Bridgewater;28;905;32;4;5;0;0;1;15;4;18;17;20;0
Darn Flecknell;22;398;57;18;17;4;1;19;14;2;18;41;56;1
Brady Poncet;14;159;37;3;5;1;1;14;8;1;6;7;15;0
Tyson Derle;7;52;10;0;1;0;0;1;1;2;4;2;5;0
Eamon Brinkman;19;126;27;12;11;3;2;8;5;0;7;11;17;1
Mart Cranmor;23;912;37;1;4;0;1;3;22;5;28;14;11;0
Hillie Kantor;9;50;8;2;2;0;0;3;4;2;4;6;24;0
Pat Ditchett;2;7;0;0;0;0;0;1;0;0;5;4;2;1
Sutton Maypes;33;470;93;18;29;6;2;19;54;7;29;39;126;1
Lawrence Fletcher;8;104;9;0;0;0;1;3;4;0;5;3;8;1
Loren Rickeard;2;7;1;0;3;0;0;0;0;0;1;0;2;1
Michael Duiguid;30;885;52;7;9;3;0;3;27;7;22;6;10;1
Krishna Salan;20;506;31;3;5;0;0;5;23;6;19;8;4;1
Gustave Bellew;6;27;5;0;1;0;0;0;5;0;4;5;3;0
Rutger Guillerman;31;563;85;7;11;3;3;14;15;6;18;19;32;0
Matt Shepley;4;93;1;0;0;0;0;3;0;0;0;1;3;0
Felizio Kealey;37;660;11;0;0;0;0;1;1;0;0;3;3;1
Nichols Ciccone;8;141;22;1;1;0;0;3;5;3;6;5;10;0
Tucky Blofield;12;306;7;1;2;1;0;0;5;1;7;4;5;0
Burr Kenworthey;34;1002;96;7;7;1;1;12;64;11;69;27;51;0
Ermanno Ramsby;1;6;0;0;0;0;0;0;0;0;1;0;1;0
Wain Fulford;34;1103;40;8;6;4;0;3;25;6;35;16;12;1
Hermann McCahill;19;209;3;0;0;0;0;0;0;1;0;2;1;0
Rolf Stendell;21;290;4;0;0;0;0;1;1;1;0;5;0;0
Nobe Grassett;15;229;3;0;0;0;0;0;0;0;0;2;1;0
Tally Laurent;20;117;25;1;7;0;0;6;3;2;7;2;9;0
Ambros Sherland;30;904;96;4;19;2;5;23;23;2;29;17;43;0
Harland Kerner;10;178;15;0;0;0;0;5;5;0;7;11;14;0
Aldric Munn;36;374;5;0;0;0;0;0;2;0;0;6;0;1
Brewer Hartzog;35;1002;84;17;18;5;3;36;23;7;26;13;71;0
Antoine Pigne;16;70;15;8;9;5;0;9;4;1;18;32;32;1
Christoph Jeavons;22;922;130;1;4;0;0;24;56;16;20;18;24;0
Gan Duinbleton;25;828;107;0;4;0;2;24;34;11;17;11;9;1
Chancey Skipsea;27;451;85;29;55;6;1;26;41;10;58;113;164;1
Hendrick Ridehalgh;28;859;39;2;6;2;1;1;21;9;21;18;3;1
Rad Locard;23;718;90;6;13;1;3;13;44;4;33;20;58;0
Derby Beldam;28;577;74;5;23;1;2;19;40;5;29;38;33;0
Dietrich Filyashin;13;393;66;1;3;0;0;17;24;1;14;13;13;0
Lothario Tennison;26;1148;111;4;16;3;3;24;39;7;27;12;36;0
Fulton Neenan;8;81;14;4;2;0;0;3;6;1;1;0;10;0
Yard Midford;21;152;21;8;7;0;1;6;10;1;18;16;49;0
Franny Grosvener;15;88;12;2;2;0;0;3;5;0;8;6;16;0
Gaylor McIlhatton;15;66;15;1;3;0;0;3;3;1;7;14;9;0
Edgardo Warriner;7;60;8;1;2;0;1;2;6;0;7;4;12;1
Colver Mackrill;31;1115;109;2;18;0;0;13;44;5;26;20;53;0
Chaunce Ochterlony;6;80;0;0;0;0;0;0;0;0;0;0;0;0
Quintin Grishagin;10;122;11;0;5;0;1;5;7;1;11;3;10;0
Alastair Leithgoe;16;294;14;12;14;0;0;15;9;2;10;19;43;0
Roman Hollow;11;107;33;8;10;3;1;10;11;1;26;20;31;0
Hazel Sailes;29;850;136;3;16;2;4;23;50;7;44;41;78;0
Thorny Gelling;11;148;21;5;5;1;1;5;9;0;5;6;11;0
Jonathan Glisane;8;41;6;4;3;2;0;3;0;0;8;2;4;0
Winston Jobb;35;480;10;0;0;0;1;6;3;0;0;3;2;1
Richard Strudwick;1;9;0;0;0;0;0;0;0;0;0;0;0;0
Dougy Brawson;7;82;17;0;1;0;0;1;10;4;10;4;15;0
Flint Able;1;5;0;0;0;0;0;0;0;0;0;0;0;0
Aluin Parlor;2;7;2;0;2;0;0;0;0;0;0;0;3;0
Humbert Winn;11;202;19;3;6;0;0;3;9;0;11;9;12;0
Sydney Fiske;8;393;29;2;8;1;1;13;8;1;14;11;19;0
Emmy Commins;15;315;28;2;9;0;0;7;17;2;20;8;29;0
Derron Sidary;24;573;55;6;9;0;0;12;21;8;39;15;46;0
Gavan McCaughey;7;40;7;1;0;0;0;1;3;0;2;6;11;0
Obed Symones;0;0;0;0;0;0;0;0;0;0;0;0;0;0
Graehme Courtman;12;147;45;10;12;7;0;6;8;1;9;26;37;1
Base Cluley;32;1200;187;7;16;1;0;29;61;9;34;14;50;0
Felix Tranmer;16;306;5;0;0;0;0;0;0;0;0;6;0;0
Silvano Dreossi;31;371;88;19;24;1;1;27;36;4;51;53;84;0
Austen Seeviour;30;1078;92;10;12;2;2;24;59;9;32;16;45;1
Kaiser Quilligan;16;382;42;3;10;1;0;15;36;7;23;9;35;0
Layton Murtimer;2;11;1;0;0;0;0;0;1;1;0;0;4;0
Jorge Tringham;30;496;73;16;20;1;2;21;16;3;15;18;56;0
Axe Lenard;15;646;58;1;1;0;5;11;25;3;22;9;16;0
Cesaro Holburn;1;13;0;0;0;0;0;0;0;0;0;0;0;0
Sauveur Burgon;16;337;50;8;21;1;2;23;4;3;21;22;70;0
Ichabod Syratt;21;276;62;5;22;1;0;2;13;3;12;7;55;0
Dimitry Penkman;21;42;4;0;1;0;0;16;3;0;2;0;2;0
Neron Grummitt;7;28;3;2;2;0;0;1;1;0;4;4;3;0
Say Philips;21;102;23;7;11;1;1;1;6;0;18;9;49;0
Ricardo Deverick;12;328;26;0;1;0;0;8;12;2;6;4;15;0
Lewiss Jindracek;34;768;36;3;13;1;2;6;12;1;28;9;10;1
Hall Biddell;1;57;0;0;0;0;0;0;4;0;1;1;0;0
Darin Farens;35;542;116;34;37;14;4;35;33;5;17;33;154;1
Daven de Clerc;3;56;3;0;0;0;1;0;5;3;1;1;1;0
Kipper Lehrer;31;1071;142;3;6;0;4;21;24;4;31;25;35;0
Guillermo Sayce;18;162;54;17;27;5;3;4;6;2;20;26;53;1
Fletcher Lawdham;33;271;92;26;46;8;1;13;10;1;25;31;113;0
Elijah Danit;30;507;70;15;16;5;2;36;16;5;33;44;124;0
Terrill Lomasney;28;1376;41;2;3;0;1;2;45;9;38;23;21;1
Ivor Skupinski;26;987;114;1;17;0;2;23;43;2;68;22;54;0
Gunter Comley;26;573;60;0;1;0;0;9;44;8;57;25;36;0
Ruy Riep;13;201;34;2;6;0;0;2;8;1;10;8;24;0
Rolf Bowry;2;30;0;0;0;0;0;0;0;0;0;0;0;0
Dean Sunter;1;2;0;0;0;0;0;1;0;0;0;0;0;0
Bil Ridel;24;841;28;0;2;0;0;2;18;3;16;6;13;0
Judon Gurery;19;470;90;11;14;0;4;11;25;5;17;23;48;0
Ibrahim McCathay;22;138;22;5;3;2;3;4;6;1;12;7;19;0
Tadd Croall;34;1450;40;6;12;3;1;1;44;3;54;14;11;1
Antone Zamorrano;34;254;15;1;0;1;0;0;3;2;11;4;2;1
Jesse Maith;6;59;9;2;0;0;0;2;6;1;7;3;11;0
Dillie Alcido;15;204;45;7;5;1;0;14;4;1;11;10;24;0
Carmine Stollwerck;4;20;0;1;0;1;0;0;0;0;3;0;0;0
Granger Kermon;15;490;78;2;5;0;0;10;24;3;19;6;24;0
Freddie Deverill;2;3;1;0;1;0;0;0;0;0;0;0;0;0
Richard Autry;11;315;18;0;1;0;0;1;12;4;16;3;6;0
Red Gunner;27;690;86;18;30;3;5;48;21;3;24;62;63;1
Dionisio Garfit;25;1079;43;2;2;2;2;3;34;5;18;38;9;1
Hervey Finders;32;990;151;7;16;0;2;33;54;6;36;57;88;1
Tally Swanne;19;279;29;1;1;0;2;9;15;4;14;12;15;0
Vern Cabrara;19;24;4;0;1;0;0;0;0;0;3;2;4;0
Trefor Champ;19;614;35;1;5;1;0;5;14;1;12;3;4;0
Morey Langlois;9;156;37;0;1;0;0;4;5;3;6;11;12;0
Darrel Alecock;18;78;19;6;2;0;0;4;2;1;5;8;21;0
Byran Carmichael;14;87;36;4;3;0;0;4;5;2;7;2;15;0
Emory MacMurray;12;94;7;2;8;0;0;5;5;2;4;6;14;0
Timmy Filewood;16;110;31;7;9;3;0;8;4;3;14;7;20;0
Agosto Sails;4;15;0;2;2;0;0;0;0;0;1;0;4;0
Arv Petch;2;8;1;0;0;0;0;1;1;1;0;0;2;0
Englebert Doddemeede;9;61;15;3;5;1;0;2;1;0;12;4;14;0
Baryram Wegner;20;648;53;1;2;0;1;9;14;3;17;15;21;0
Giorgio Allward;29;848;121;6;26;1;1;25;39;10;32;17;58;0
Lancelot Ratke;29;68;13;0;0;0;1;0;1;0;1;1;3;0
Falkner Bradley;34;818;132;15;24;3;4;28;69;7;43;68;184;0
Ives Bakeup;35;1192;113;6;7;1;1;14;50;8;50;20;51;0
Guss Garmanson;26;464;44;3;16;0;1;9;27;8;20;26;39;0
Jamil Hallgarth;35;1230;56;5;7;1;0;3;20;4;31;17;14;1
Jonathon Scrowton;20;313;53;16;19;3;0;19;14;2;30;27;66;1
Salem Chomiszewski;34;333;80;9;14;3;1;21;44;2;54;24;95;0
Damian O'Riordan;17;258;54;2;5;0;2;17;27;2;20;10;29;0
Bram Camamile;5;166;9;0;1;0;0;1;4;1;9;1;3;0
Fowler Davion;19;318;60;0;2;0;1;8;24;8;26;22;28;0
Griswold Raffin;1;20;1;0;0;0;0;0;0;0;0;0;0;0
Isak Beddingham;6;134;7;1;1;0;0;1;9;1;5;1;0;0
Cosme Romanetti;17;194;22;7;16;0;2;13;11;1;11;11;43;0
Kingston Westfield;11;183;29;1;2;0;0;4;4;0;4;1;14;0
Rockwell Cooch;24;231;48;22;18;7;4;21;10;1;22;21;77;1
Borden Matitiaho;3;45;3;1;2;0;1;1;2;1;2;1;1;1
Clint Testo;3;7;2;0;0;0;0;0;3;0;2;1;0;0
Antin Izhakov;24;902;38;3;5;0;0;5;25;6;21;17;9;1
Hughie Fyrth;28;1039;61;4;9;1;1;6;28;10;12;29;14;1
Yehudit Douris;10;179;8;1;0;0;0;1;6;1;9;2;4;1
Bradney Rowan;10;165;5;0;2;0;0;1;2;1;4;5;2;1
Bradford Coare;10;105;8;1;2;0;1;4;13;1;11;4;3;0
Bobby Zecchi;20;212;55;10;19;4;0;20;8;2;14;26;69;0
Del Casina;1;9;1;0;0;0;0;1;0;0;1;0;0;0
Horacio Boake;34;961;96;15;34;3;2;27;77;12;73;78;90;1
Kermie Breyt;26;175;51;8;19;3;0;14;7;0;23;29;56;0
Alphonse Noirel;1;14;1;0;0;0;0;0;1;0;2;0;1;0
Ugo Brunnen;2;7;2;1;0;1;0;0;0;0;0;0;1;0
Vince Aggis;5;75;1;0;0;0;0;1;4;0;2;2;2;0
Freedman Grayshan;22;346;59;6;14;2;3;18;13;2;32;42;66;0
Jesse Maile;22;29;8;2;0;1;0;1;1;1;6;3;7;0
Ezra McCathy;12;376;21;2;1;0;0;1;11;5;12;4;0;0
Cyrus Purcell;12;35;6;0;1;0;0;0;2;0;3;1;0;0
Dieter Fishbourne;1;8;1;0;0;0;0;0;0;0;1;2;2;0
Farlee Bullar;1;3;4;0;0;0;0;0;0;0;0;0;0;0
Gardy Gounet;5;25;4;0;0;0;0;1;2;0;2;1;5;0
Jeffry Ponten;32;1071;67;2;7;0;0;5;33;9;41;33;16;0
Hagen Petruk;31;539;79;9;25;2;5;21;19;4;20;30;33;0
Glen Saunter;4;68;10;0;0;0;0;2;6;0;1;2;3;0
Fredek Iceton;10;43;7;2;3;1;0;1;2;0;14;8;15;0
Antonius Vallack;32;1383;50;2;2;0;0;10;26;2;21;9;7;1
Dannie Baurerich;30;1276;100;2;2;0;7;28;43;9;49;37;27;1
Tracy Cairns;1;10;1;0;2;0;0;0;1;0;0;4;5;0
Ellary Pascho;15;210;53;13;9;3;2;20;8;4;15;21;35;1
Dewey Stoddard;6;100;19;3;2;0;0;3;3;0;6;4;9;0
Salvidor Coche;12;275;46;1;1;0;0;5;17;2;7;11;15;0
Leif Oganian;10;202;12;0;6;0;0;6;5;1;5;9;14;0
Bertrando Schottli;15;49;9;2;2;1;0;2;5;2;20;11;26;0
Abby MacTrusty;11;125;13;2;4;0;0;3;13;2;6;5;9;0
Fabien Elverstone;31;795;79;36;35;10;4;36;26;7;33;58;82;1
Thomas Bazley;12;486;42;1;4;0;2;6;28;2;22;30;27;0
Merrill Cammiemile;20;102;31;8;14;3;1;6;3;1;20;11;45;0
Jerri Lamperti;3;112;5;0;0;0;0;0;4;0;2;2;2;0
Kendrick Garcia;15;212;45;8;12;1;2;23;19;3;23;10;30;0
Clem Viollet;8;148;5;1;0;0;0;4;3;4;7;1;1;0
Chrissy Daugherty;30;983;147;14;12;2;3;37;31;8;41;31;69;0
Aubrey Eidelman;21;784;60;7;9;0;0;5;37;13;31;17;18;0
Philbert Soots;9;152;36;0;1;0;0;2;12;4;12;9;19;0
Elwin Coughtrey;21;886;85;16;20;4;1;17;22;6;19;27;56;0
Ethelbert Staig;28;143;46;13;19;6;1;6;8;2;27;21;48;0
Roi Donaway;19;460;53;1;0;1;1;7;28;10;13;8;21;0
Abrahan Uphill;8;124;16;1;6;0;0;1;2;1;7;17;11;0
Karel Moughtin;22;819;16;2;2;0;0;3;18;3;10;12;5;1
Eberhard Smithies;20;123;34;13;22;2;0;8;3;0;21;21;49;0
Nealson Percifer;18;142;7;4;9;1;0;2;9;3;5;4;21;0
Rusty Tosney;18;100;10;0;2;0;0;6;8;6;4;5;6;0
Godfrey Kopelman;12;61;17;0;2;0;0;1;4;1;3;3;2;0
Hermy Ottery;19;348;68;17;26;7;0;16;12;5;24;58;81;1
Rog Aleksich;1;5;2;0;0;0;0;0;0;1;0;0;1;0
Clerc Allred;29;688;42;2;9;0;0;3;50;11;44;24;13;1
Wiley Willows;20;742;71;5;15;1;0;12;44;6;27;19;33;0
Barrie Chevolleau;22;278;0;0;0;0;0;2;0;0;0;3;0;0
Hunt Leckie;28;280;51;13;14;6;1;17;14;3;22;34;71;0
Frans Cannings;9;84;8;2;3;0;0;4;1;1;9;9;14;0
Bowie Cunradi;14;64;19;4;0;1;0;2;1;1;10;5;14;0
Wyatt Walthew;34;317;94;27;43;10;1;24;26;4;65;48;103;0
Walsh Shalliker;8;194;16;0;1;0;0;3;9;2;7;2;2;0
Jeremy Biles;18;279;26;1;4;0;3;11;13;1;11;6;15;0
Siward McSperrin;31;215;52;10;20;1;1;19;20;4;21;26;53;1
Tobe Crepel;19;1001;36;4;10;0;1;2;36;2;22;13;14;1
Kingston Willan;29;1145;89;5;7;2;2;13;65;19;62;38;43;1
Donnie Jillis;26;900;78;7;2;2;0;11;28;4;28;21;15;1
Grove Drysdell;9;44;8;10;12;3;1;4;6;2;11;4;17;1
Bard Evens;30;945;90;6;13;0;4;21;39;11;41;17;74;0
Mickie Lohrensen;12;322;17;1;2;0;0;1;16;2;5;4;2;0
Clywd Hutten;34;467;95;19;31;4;1;20;7;1;25;38;91;0
Ringo Apperley;11;73;21;6;8;1;0;1;6;0;14;9;24;0
Nappy MacColgan;19;579;94;26;26;7;2;22;7;7;15;56;87;1
Ricki McKie;31;295;34;7;6;0;1;20;8;1;12;37;72;0
Christoph Gilfillan;1;5;0;0;1;0;0;0;0;0;0;0;2;0
Hebert De Cruz;22;478;50;4;5;0;0;15;47;12;28;25;73;0
Bret Huckin;25;227;49;4;14;0;0;11;32;5;24;43;46;0
Laney Crotty;11;238;14;2;4;0;0;2;14;2;14;6;29;0
Grantham Lange;16;65;19;0;2;0;0;1;13;2;11;8;5;0
Barrie Drennan;16;158;19;1;5;0;0;3;13;3;9;11;22;0
Beauregard Gerold;21;414;58;5;5;3;1;12;19;8;23;6;41;0
Rubin Laffan;25;221;36;12;29;4;1;17;15;7;32;26;88;0
Granger Orleton;24;246;122;15;10;2;5;31;21;6;26;52;66;1
Bay Strang;23;653;42;2;3;0;0;3;32;10;23;19;21;0
Nobie Gallaccio;2;27;4;0;0;0;0;1;1;0;1;2;5;0
Tuckie Gibbieson;2;3;0;0;1;0;0;0;0;0;0;0;1;1
Jeddy Gimson;36;1313;66;5;23;0;0;1;37;7;23;14;11;1
Reagan Gurge;5;49;8;0;1;0;0;10;5;0;6;2;2;1
Fielding Lensch;30;1044;114;2;9;0;1;13;36;9;38;33;31;0
Benjie Coddington;25;861;113;7;9;1;1;29;41;13;41;48;53;0
Sully Mateescu;4;73;6;0;1;0;0;1;6;3;4;1;2;0
Anatol Castagnet;29;482;7;0;0;0;1;3;1;1;0;4;2;0
Locke Burborough;27;732;96;2;6;0;0;15;65;6;34;42;70;0
Gian Ebanks;9;83;26;7;11;2;1;8;6;2;18;6;38;0
Horatius Bauldrey;18;289;56;9;20;5;2;18;6;1;8;15;60;1
Oswell Goaley;4;14;5;0;2;0;0;1;3;0;1;4;2;1
Alphonso Edinburgh;5;56;6;1;2;0;0;0;5;0;5;0;1;0
Lorrie Spivie;36;387;86;24;34;2;2;20;32;6;46;89;165;0
Renaldo Briton;28;515;88;15;36;1;3;29;29;4;24;38;113;1
Barnett Sedgman;22;667;95;16;18;4;1;38;18;4;30;30;57;1
Alwyn Sabben;7;78;14;0;1;0;0;2;0;0;6;4;11;0
Florian Cyson;33;1011;45;7;14;1;1;14;18;4;43;20;41;0
Darryl Pitkeathley;11;139;13;5;7;2;1;7;12;0;10;5;24;0
Hort Grewe;1;9;1;0;0;0;0;0;0;0;0;0;0;0
Baudoin Skillitt;9;54;29;1;6;1;0;8;6;0;7;13;17;0
Harper Hurley;28;1236;39;3;11;1;0;8;22;7;20;19;5;1
Darnell Muckle;14;148;21;0;6;0;0;7;4;0;4;13;21;0
Rey Hutcheon;23;701;51;5;9;1;0;8;35;5;24;10;34;1
Richardo Barkway;14;243;37;7;9;1;0;11;5;2;9;14;27;0
Aaron Botfield;27;776;82;6;11;4;1;15;69;15;76;27;38;1
Sander Penlington;2;11;1;0;0;0;0;2;0;0;0;0;2;1
Vincents Weeks;12;118;31;2;6;0;1;5;12;0;15;6;28;0
Enoch Maleney;2;4;0;0;0;0;0;0;0;0;1;0;0;0
Guilbert Brill;38;672;10;0;0;0;0;1;1;0;1;6;1;1
Byram Stannard;3;33;1;0;0;0;0;0;0;0;0;1;0;0
Lindy Crudginton;36;1321;263;5;12;1;2;36;41;8;34;17;40;0
Orson Banbrook;34;1252;88;5;9;2;1;8;44;7;52;47;20;0
Mordecai Newing;30;516;103;25;31;3;2;24;51;7;42;60;107;1
Tarrance Castro;13;101;16;2;6;1;0;4;3;1;4;2;13;0
Conroy Shapcote;30;141;28;7;13;1;0;9;10;3;22;4;35;0
Ricoriki Farloe;35;1120;146;2;7;0;0;31;19;2;17;23;34;0
Barrett Grayland;26;512;35;5;4;1;0;4;11;3;18;8;21;0
Huntley Childerley;9;54;21;2;4;1;1;5;3;2;12;3;24;0
Moishe Karpol;3;54;17;1;1;0;0;1;5;0;0;1;5;0
Arther Plose;30;988;143;9;14;3;3;24;55;9;39;22;69;0
Fonzie Mallalieu;14;457;35;0;4;0;1;6;15;8;19;7;25;0
Cassius Beningfield;35;1301;51;7;7;0;5;13;44;13;50;19;19;1
Keenan Rushmer;1;12;2;0;0;0;0;1;2;0;1;0;2;0
Richie Burley;16;382;29;2;6;0;1;7;19;6;12;9;11;0
Quentin State;4;71;9;0;2;0;1;2;5;2;3;4;7;0
Gideon Elacoate;34;781;127;29;49;8;2;56;12;0;9;42;75;1
Wolfgang Oleksinski;13;73;13;0;0;0;0;0;4;1;11;1;11;0
Darby Kobierra;1;4;0;0;0;0;0;0;1;0;0;1;0;0
Cassie Perkinson;4;19;2;0;0;0;0;0;0;0;0;0;0;0
Read Pilfold;8;22;9;1;6;0;0;0;1;0;7;5;15;0
Everard Nelthrop;6;18;3;0;1;0;0;1;3;0;3;3;8;0
Paton Kort;4;35;0;0;0;0;0;0;0;0;0;1;1;0
Milton Bletsoe;0;1;0;0;0;0;0;0;0;0;0;0;0;0
Berk Wanklyn;23;565;50;5;19;0;2;10;20;4;26;11;29;0
Eldredge Wittrington;31;545;88;18;43;4;8;37;41;3;49;30;89;1
Dex Feldman;22;215;45;6;7;2;4;5;10;3;14;21;40;1
Roosevelt Wylam;12;167;30;3;16;1;2;14;7;2;8;23;34;1
Perice Newbery;5;90;18;0;2;0;0;1;1;0;2;6;5;1
Bourke Dargan;2;24;13;2;1;0;1;1;1;0;4;1;10;0
Stafford Rodgier;19;158;32;10;12;1;0;6;9;2;9;15;23;0
Farlie Klausen;7;30;9;4;2;0;1;4;2;0;5;9;23;0
Ferris Everard;0;0;0;0;0;0;0;0;0;0;0;0;0;0
Stanford De Angelis;34;1249;50;7;14;2;0;1;27;2;31;28;24;1
Rube Calkin;12;204;29;2;5;2;0;3;2;1;9;5;9;0
Red Gossage;16;488;35;1;1;1;0;1;9;3;18;8;8;0
Franklin Tams;1;0;0;0;0;0;0;0;0;0;0;0;0;0
Thain Pittson;1;1;0;0;0;0;1;0;0;0;0;0;0;0
Lesley Brewerton;34;492;6;0;0;0;0;1;1;0;0;4;1;1
Xenos Linnemann;22;751;40;1;1;0;0;4;12;4;11;7;7;0
Philbert Jacombs;16;397;69;2;3;0;0;3;23;6;23;5;42;0
Jaime Yardley;15;273;24;0;2;0;0;7;11;0;19;21;10;0
Angeli Crichley;1;51;1;0;0;0;0;0;0;0;0;2;0;0
Isak Van Der Vlies;25;91;33;8;16;3;0;4;5;0;19;16;23;0
Rees Eason;6;8;0;1;1;1;0;0;1;0;0;0;2;0
Lothaire Soares;2;5;0;0;0;0;0;0;0;0;0;0;0;0
Borden Millwater;2;3;1;1;0;0;0;0;1;0;0;0;5;1
Shaughn Falco;28;460;77;9;16;1;0;19;16;3;35;31;69;0
Grenville Greatorex;23;237;37;12;9;4;2;17;16;5;32;31;55;1
Gerald Nappin;1;27;2;1;0;0;0;0;1;0;1;4;2;1
Baryram Middleton;17;318;39;2;3;0;0;2;14;3;13;2;30;0
Neill Tiley;21;436;7;0;0;0;0;1;0;0;0;8;1;0
Law Medler;11;319;34;3;1;1;0;4;8;1;7;6;13;0
Kristofor McIlraith;32;1194;145;2;8;1;1;12;58;3;49;28;33;1
Winfield Baxter;13;87;8;0;4;0;0;1;10;1;12;15;6;0
Washington Jessopp;9;230;23;6;8;4;2;9;12;3;6;16;28;1
Griffin Markova;20;155;23;2;6;0;1;11;5;0;2;15;24;1
Thacher Capenor;30;1577;88;4;8;1;0;8;48;5;27;20;24;1
Kinny De La Coste;34;1187;91;1;9;0;0;12;54;9;51;18;40;1
Eamon Licas;6;173;14;1;2;0;0;2;3;1;11;4;3;0
Horten Djokovic;16;138;12;0;1;0;0;0;5;5;7;3;6;0
Ches La Grange;1;0;0;0;0;0;0;0;0;0;0;0;0;0
Wadsworth Machon;35;990;120;15;18;3;2;17;69;19;55;60;63;1
Lammond Itzcovichch;34;764;80;25;33;9;5;51;38;2;34;61;87;1
Ulick Broxup;5;20;4;0;3;0;0;1;1;0;3;2;3;0
Stavros Colebourn;10;130;10;2;3;0;2;3;3;1;7;4;11;0
Nev McDonough;14;50;16;5;6;2;0;2;2;0;16;9;26;0
Izaak Kerby;30;379;95;22;31;12;5;27;20;6;21;27;40;1
Svend Peskin;33;485;142;45;39;12;3;26;17;0;63;47;126;1
Franchot Fuzzens;21;471;40;2;3;0;0;4;8;1;20;11;10;0
Horace Brownsill;9;154;11;3;6;0;0;0;3;0;4;8;5;0
Tate Schmuhl;30;952;62;7;5;1;0;8;31;3;34;23;13;0
Arel Trower;26;807;54;3;21;1;0;15;45;15;57;42;71;0
Morley Mowles;16;314;25;0;7;0;0;5;18;4;14;2;14;0
Stephen Maskew;34;382;120;13;25;6;0;18;14;1;59;60;138;0
Desmund Knowller;3;70;10;0;3;0;0;1;3;2;5;0;1;0
